Тип карты;Номер карты;Дата совершения операции;Дата обработки операции;Код авторизации;Тип операции;Город совершения операции;Страна совершения операции;Описание;Валюта операции;Сумма в валюте операции;Сумма в валюте счета;
Основная;*8441;16.02.2020;17.02.2020;252829;4814;MOSCOW       ;RUS;PAY.MTS.RU TOPUP 0146 ;;;-400;
Основная;*8441;13.02.2020;13.02.2020;228252;;MOSCOW;RUS;SBOL перевод 4276****0355 Ю. АНДРЕЙ ИВАНОВИЧ;;;10000;
Основная;*8441;13.02.2020;15.02.2020;299871;5411;VORONEZH;RUS;IP KADOMSKAYA E. A. ;;;-1181,88;
Основная;*8441;11.02.2020;13.02.2020;246337;5411;VORONEZH;RUS;MAGNIT GM VORONEZH 1 ;;;-520,96;
Основная;*8441;11.02.2020;13.02.2020;266276;5411;VORONEZH;RUS;PYATEROCHKA 11213 ;;;-222,56;
Основная;*8441;09.02.2020;11.02.2020;288917;5541;VORONEGH     ;RUS;LUKOIL.AZS 36726 36Y ;;;-1580,3;
Основная;*8441;08.02.2020;10.02.2020;290888;5411;VORONEZH;RUS;MIRATORG MAGAZIN 178 ;;;-697,4;
Основная;*8441;08.02.2020;10.02.2020;291646;5411;VORONEZH;RUS;PAPINA LAVKA ;;;-2535,35;
Основная;*8441;08.02.2020;08.02.2020;218458;;MOSCOW;RUS;SBOL перевод 4276****0355 Ю. АНДРЕЙ ИВАНОВИЧ;;;5000;
Основная;*8441;07.02.2020;08.02.2020;214373;5411;STRELICZA;RUS;PYATEROCHKA 14367 ;;;-225,64;
Основная;*8441;07.02.2020;08.02.2020;211335;5411;VORONEZH;RUS;PYATEROCHKA 11213 ;;;-136,98;
Основная;*8441;07.02.2020;08.02.2020;215651;8099;VORONEZH;RUS;VOPAB ;;;-1050;
Основная;*8441;07.02.2020;08.02.2020;201773;5814;Voronezh     ;RUS;Kulinariya KAMIN ;;;-548,24;
Основная;*8441;06.02.2020;07.02.2020;225120;5411;VORONEZH;RUS;MIRATORG MAGAZIN 178 ;;;-1192,05;
Основная;*8441;06.02.2020;07.02.2020;264514;8099;VORONEZH;RUS;OOO MELISSA PLYUS ;;;-33000;
Основная;*8441;06.02.2020;06.02.2020;287579;;MOSCOW;RUS;SBOL перевод 4276****0355 Ю. АНДРЕЙ ИВАНОВИЧ;;;30000;
Основная;*8441;06.02.2020;07.02.2020;273387;5814;Voronezh     ;RUS;Kulinariya KAMIN ;;;-363,44;
Основная;*8441;05.02.2020;06.02.2020;275590;5411;VORONEZH;RUS;PYATEROCHKA 17027 ;;;-108,98;
Основная;*8441;05.02.2020;06.02.2020;210673;5912;VORONEZH;RUS;OOO OKAFARM ;;;-172;
Основная;*8441;04.02.2020;05.02.2020;217074;5814;Voronezh     ;RUS;Kulinariya KAMIN ;;;-452,9;
Основная;*8441;03.02.2020;04.02.2020;272906;5411;VORONEZH;RUS;PYATEROCHKA 11213 ;;;-190,17;
Основная;*8441;02.02.2020;03.02.2020;261431;5499;VORONEZH;RUS;SUKHOFRUKTY ;;;-128;
Основная;*8441;02.02.2020;03.02.2020;226812;5411;VORONEZH;RUS;MAGNIT GM VORONEZH 3 ;;;-3528,5;
Основная;*8441;01.02.2020;01.02.2020;293031;4829;MOSCOW;RUS;SBOL перевод 4276****4213 Б. АНАСТАСИЯ АЛЕКСАНДРОВНА;;;-450;
Основная;*8441;01.02.2020;01.02.2020;279739;4829;MOSCOW;RUS;SBOL перевод 4276****0355 Ю. АНДРЕЙ ИВАНОВИЧ;;;-85000;
Основная;*8441;01.02.2020;01.02.2020;262609;;MOSCOW;RUS;SBOL перевод 4276****6619 Ю. ЛАРИСА НИКОЛАЕВНА;;;80000;
Основная;*8441;31.01.2020;01.02.2020;241319;5411;VORONEZH;RUS;VKUSVILL 3056 2 ;;;-188;
Основная;*8441;31.01.2020;31.01.2020;249200;4829;MOSCOW;RUS;SBOL перевод 4276****7558 Ю. АНДРЕЙ ИВАНОВИЧ;;;-1000;
Основная;*8441;31.01.2020;31.01.2020;233471;;MOSCOW;RUS;SBOL перевод 4276****6619 Ю. ЛАРИСА НИКОЛАЕВНА;;;20000;
Основная;*8441;31.01.2020;04.02.2020;236717;5814;VORONEJ      ;RUS;POS PROFITLAND 2 ;;;-239,86;
Основная;*8441;30.01.2020;01.02.2020;288091;5411;VORONEZH;RUS;PYATEROCHKA 11213 ;;;-222,06;
Основная;*8441;30.01.2020;30.01.2020;275657;;Moscow;RUS;SBERBANK ONL@IN PLATEZH ;;;-2020;
Основная;*8441;29.01.2020;30.01.2020;205958;5411;STRELICZA;RUS;PYATEROCHKA 14367 ;;;-99,2;
Основная;*8441;27.01.2020;29.01.2020;206858;5411;VORONEZH;RUS;MAGNIT GM VORONEZH 1 ;;;-435,68;
Основная;*8441;27.01.2020;28.01.2020;235795;5411;VORONEZH;RUS;PYATEROCHKA 11213 ;;;-181,07;
Основная;*8441;26.01.2020;28.01.2020;251865;5541;VORONEZH     ;RUS;LUKOIL.AZS 36721 36Y ;;;-1440,3;
Основная;*8441;24.01.2020;25.01.2020;286822;5411;VORONEZH;RUS;VKUSVILL 3056 2 ;;;-356;
Основная;*8441;23.01.2020;24.01.2020;290352;5411;VORONEZH;RUS;MIRATORG MAGAZIN 178 ;;;-171,7;
Основная;*8441;22.01.2020;22.01.2020;266749;;MOSCOW;RUS;SBOL перевод 4276****0355 Ю. АНДРЕЙ ИВАНОВИЧ;;;5000;
Основная;*8441;21.01.2020;22.01.2020;203787;5499;VORONEZH;RUS;IP DOROKHINA E. V. ;;;-1230,4;
Основная;*8441;19.01.2020;20.01.2020;274864;5912;VORONEZH;RUS;VITA ;;;-784,7;
Основная;*8441;18.01.2020;20.01.2020;214116;5411;VORONEZH;RUS;EVROPA-53 ;;;-2753;
Основная;*8441;18.01.2020;20.01.2020;293833;5411;VORONEZH;RUS;EVROPA-53 ;;;-2430;
Основная;*8441;18.01.2020;20.01.2020;241510;5411;VORONEZH;RUS;MAGNIT MM BIZAR ;;;-214,8;
Основная;*8441;17.01.2020;18.01.2020;272792;5999;VORONEZH;RUS;IP PUPIN YU.M. ;;;-43;
Основная;*8441;17.01.2020;20.01.2020;288626;5814;Voronezh     ;RUS;Kulinariya KAMIN ;;;-414,92;
Основная;*8441;16.01.2020;17.01.2020;214596;5411;VORONEZH;RUS;MIRATORG MAGAZIN 178 ;;;-534,08;
Основная;*8441;16.01.2020;16.01.2020;212682;;MOSCOW;RUS;SBOL перевод 4276****0355 Ю. АНДРЕЙ ИВАНОВИЧ;;;10000;
Основная;*8441;16.01.2020;17.01.2020;278597;5411;VORONEZH;RUS;MIRATORG MAGAZIN 178 ;;;-750,05;
Основная;*8441;15.01.2020;16.01.2020;221782;5411;VORONEZH;RUS;MIRATORG MAGAZIN 178 ;;;-494,51;
Основная;*8441;12.01.2020;13.01.2020;236614;5411;VORONEZH     ;RUS;AUCHAN VORONEZH GRAD ;;;-2538,47;
Основная;*8441;12.01.2020;14.01.2020;273276;5541;VORONEJ      ;RUS;POS SELEKT 18 ;;;-1860;
Основная;*8441;11.01.2020;13.01.2020;296368;5411;VORONEZH;RUS;MAGNIT GM VORONEZH 1 ;;;-2217,42;
Основная;*8441;10.01.2020;10.01.2020;222538;;MOSCOW;RUS;SBOL перевод 4276****6619 Ю. ЛАРИСА НИКОЛАЕВНА;;;7000;
Основная;*8441;09.01.2020;10.01.2020;262413;5411;VORONEZH;RUS;MAGNIT MM SEDUM ;;;-422,5;
Основная;*8441;09.01.2020;09.01.2020;229125;4829;MOSCOW;RUS;SBOL перевод 4276****0355 Ю. АНДРЕЙ ИВАНОВИЧ;;;-1000;
Основная;*8441;08.01.2020;08.01.2020;201677;4829;MOSCOW;RUS;SBOL перевод 4276****9427 Ф. СЕРГЕЙ АНАТОЛЬЕВИЧ;;;-100;
Основная;*8441;08.01.2020;09.01.2020;237021;5814;MOSKVA       ;RUS;SHOKOLADNITSA LENINGR. ;;;-1122;
Основная;*8441;08.01.2020;09.01.2020;247498;4112;MOSCOW       ;RUS;WWW.RZD.RU ;;;-1422;
Основная;*8441;08.01.2020;09.01.2020;275197;8062;Moskva       ;RUS;ECO centre Ltd ;;;-1450;
Основная;*8441;07.01.2020;08.01.2020;271385;5499;MOSCOW;RUS;KOFEYNAYA KANTATA ;;;-2499,36;
Основная;*8441;07.01.2020;08.01.2020;268845;5812;MOSKVA G     ;RUS;DZHONDZHOLI ;;;-3890;
Основная;*8441;06.01.2020;07.01.2020;279656;4112;MOSCOW       ;RUS;WWW.RZD.RU ;;;-2844;
Основная;*8441;03.01.2020;04.01.2020;261314;5411;VORONEZH;RUS;PEREKRESTOK LEVYY BEREG ;;;-2200,5;
Основная;*8441;02.01.2020;04.01.2020;229741;5541;VORONEJ      ;RUS;POS SELEKT 8 ;;;-2114;
Основная;*8441;02.01.2020;03.01.2020;286677;5541;ZADONSK      ;RUS;LUKOIL.AZS 48769 48Y ;;;-2139;
Основная;*8441;31.12.2019;02.01.2020;227960;5411;VORONEZH;RUS;MAGNIT MM PLATAN ;;;-418;
Основная;*8441;31.12.2019;02.01.2020;236206;5411;VORONEZH;RUS;IP KOLUPAEVA O.V. ;;;-243;
Основная;*8441;31.12.2019;02.01.2020;244270;5451;VORONEZH;RUS;MOLOCHNYJ DOM ;;;-320;
Основная;*8441;30.12.2019;01.01.2020;252170;5411;VORONEZH;RUS;OKEY ;;;-4867,06;
Основная;*8441;30.12.2019;31.12.2019;224572;5411;VORONEZH;RUS;PAPINA LAVKA ;;;-3005,64;
Основная;*8441;30.12.2019;31.12.2019;245647;5814;VORONEZH;RUS;PRODUKTY ;;;-142;
Основная;*8441;30.12.2019;31.12.2019;267252;5499;VORONEZH;RUS;MAGAZIN MOLVEST ;;;-70;
Основная;*8441;30.12.2019;31.12.2019;298622;5814;VORONEZH;RUS;MYASNOY KULT ;;;-1750;
Основная;*8441;30.12.2019;30.12.2019;209368;;MOSCOW;RUS;SBOL перевод 4276****6619 Ю. ЛАРИСА НИКОЛАЕВНА;;;365;
Основная;*8441;30.12.2019;30.12.2019;241236;;MOSCOW;RUS;SBOL перевод 4276****6619 Ю. ЛАРИСА НИКОЛАЕВНА;;;20000;
Основная;*8441;29.12.2019;30.12.2019;255367;5411;VORONEZH;RUS;KARUSEL KOSMONAVTOV ;;;-477,91;
Основная;*8441;29.12.2019;30.12.2019;208116;8999;VORONEZH;RUS;TRIEL GRAN-PRI ;;;-10900;
Основная;*8441;29.12.2019;30.12.2019;244058;8999;VORONEZH;RUS;TRIEL GRAN-PRI ;;;-10900;
Основная;*8441;29.12.2019;30.12.2019;291970;;MOSCOW;RUS;SBOL перевод 4276****0355 Ю. АНДРЕЙ ИВАНОВИЧ;;;25000;
Основная;*8441;28.12.2019;30.12.2019;269056;5411;VORONEZH;RUS;MIRATORG MAGAZIN 178 ;;;-1108,99;
Основная;*8441;27.12.2019;28.12.2019;268219;5411;VORONEZH;RUS;MIRATORG MAGAZIN 178 ;;;-1209,6;
Основная;*8441;25.12.2019;26.12.2019;243041;5814;VORONEZH;RUS;MIRATORG 312 FRAJS ;;;-410;
Основная;*8441;25.12.2019;26.12.2019;247087;5999;VORONEZH;RUS;FABRETTI ;;;-3051;
Основная;*8441;25.12.2019;25.12.2019;285939;;MOSCOW;RUS;SBOL перевод 4276****0355 Ю. АНДРЕЙ ИВАНОВИЧ;;;15000;
Основная;*8441;25.12.2019;26.12.2019;233037;5814;Voronezh     ;RUS;Kulinariya KAMIN ;;;-462,38;
Основная;*8441;24.12.2019;25.12.2019;231396;5411;VORONEZH;RUS;MIRATORG MAGAZIN 178 ;;;-849,4;
Основная;*8441;24.12.2019;25.12.2019;263528;5912;VORONEZH;RUS;OOO OKAFARM ;;;-1093;
Основная;*8441;21.12.2019;23.12.2019;267643;7832;VORONEZH;RUS;CINEMA PARK 20 ;;;-480;
Основная;*8441;21.12.2019;23.12.2019;232016;5814;VORONEZH;RUS;MIRATORG 312 FRAJS ;;;-1005;
Основная;*8441;21.12.2019;23.12.2019;256678;7922;MOSCOW;RUS;KASSA.RAMBLER.RU ;;;-1120;
Основная;*8441;21.12.2019;23.12.2019;207011;5945;VORONEZH;RUS;IP GURZHEJ E.YU. ;;;-8787;
Основная;*8441;21.12.2019;23.12.2019;216911;5200;VORONEZH;RUS;MAGAZIN PORYADOK-19 ;;;-2937;
Основная;*8441;21.12.2019;21.12.2019;217715;;MOSCOW;RUS;SBOL перевод 4276****0355 Ю. АНДРЕЙ ИВАНОВИЧ;;;15000;
Основная;*8441;21.12.2019;23.12.2019;201374;5941;VORONEZH     ;RUS;SPORTMASTER 720 ;;;-350;
Основная;*8441;20.12.2019;21.12.2019;283952;5814;Voronezh     ;RUS;Kulinariya KAMIN ;;;-508,52;
Основная;*8441;19.12.2019;21.12.2019;201938;7230;VORONEZH;RUS;STUDIYA SAVANNA ;;;-700;
Основная;*8441;18.12.2019;19.12.2019;268455;5814;Voronezh     ;RUS;Kulinariya KAMIN ;;;-444,21;
Основная;*8441;17.12.2019;19.12.2019;251733;5411;VORONEZH;RUS;GRYADKA KOLTSOVSKAYA ;;;-266,92;
Основная;*8441;17.12.2019;19.12.2019;299752;5411;VORONEZH;RUS;PYATEROCHKA 11213 ;;;-262,96;
Основная;*8441;17.12.2019;17.12.2019;270675;;MOSCOW;RUS;SBOL перевод 4276****0355 Ю. АНДРЕЙ ИВАНОВИЧ;;;5000;
Основная;*8441;17.12.2019;19.12.2019;229744;8099;VORONEZH;RUS;OOO LDTS NMT ;;;-1935;
Основная;*8441;17.12.2019;19.12.2019;215698;8099;VORONEZH;RUS;OOO LDTS NMT ;;;-280;
Основная;*8441;17.12.2019;19.12.2019;282215;8099;VORONEZH;RUS;OOO LDTS NMT ;;;-390;
Основная;*8441;15.12.2019;18.12.2019;240567;5411;VORONEZH;RUS;MIRATORG MAGAZIN 178 ;;;-1502,1;
Основная;*8441;15.12.2019;16.12.2019;251529;;MOSCOW;RUS;SBOL перевод 4276****0355 Ю. АНДРЕЙ ИВАНОВИЧ;;;5000;
Основная;*8441;15.12.2019;17.12.2019;292827;5541;VORONEZH     ;RUS;LUKOIL.AZS 36721 36Y ;;;-2162,37;
Основная;*8441;14.12.2019;17.12.2019;263176;5912;VORONEZH;RUS;APTEKA ZDRAVGOROD ;;;-935,8;
Основная;*8441;14.12.2019;17.12.2019;274323;5411;VORONEZH;RUS;GIPERMARKET LINIYA ;;;-3253,45;
Основная;*8441;14.12.2019;14.12.2019;222102;;MOSCOW;RUS;SBOL перевод 4276****0355 Ю. АНДРЕЙ ИВАНОВИЧ;;;5000;
Основная;*8441;14.12.2019;16.12.2019;266576;5411;VORONEZH;RUS;PAPINA LAVKA ;;;-1835;
Основная;*8441;14.12.2019;16.12.2019;271390;5541;VORONEZH     ;RUS;LUKOIL.AZS 36721 36Y ;;;-1680,35;
Основная;*8441;13.12.2019;16.12.2019;273459;5411;VORONEZH;RUS;PYATEROCHKA 11213 ;;;-166,97;
Основная;*8441;13.12.2019;14.12.2019;276845;5814;Voronezh     ;RUS;Kulinariya KAMIN ;;;-518,74;
Основная;*8441;11.12.2019;13.12.2019;219838;5411;VORONEZH;RUS;VKUSVILL 2097 4 ;;;-507;
Основная;*8441;10.12.2019;10.12.2019;235883;;MOSCOW;RUS;SBOL перевод 4276****0355 Ю. АНДРЕЙ ИВАНОВИЧ;;;5000;
Основная;*8441;09.12.2019;10.12.2019;298138;5912;VORONEZH;RUS;APTEKA36RF ;;;-2994,1;
Основная;*8441;08.12.2019;10.12.2019;206423;5411;VORONEZH;RUS;MAGNIT MM SEDUM ;;;-426,36;
Основная;*8441;04.12.2019;05.12.2019;225014;5411;VORONEZH;RUS;MIRATORG MAGAZIN 178 ;;;-866,64;
Основная;*8441;03.12.2019;04.12.2019;248965;5411;VORONEZH;RUS;VKUSVILL 3056 1 ;;;-268;
Основная;*8441;02.12.2019;03.12.2019;202825;5411;VORONEZH;RUS;MIRATORG MAGAZIN 178 ;;;-527,4;
Основная;*8441;02.12.2019;03.12.2019;271249;5411;VORONEZH;RUS;MIRATORG MAGAZIN 178 ;;;-139,9;
Основная;*8441;30.11.2019;30.11.2019;257777;;MOSCOW;RUS;SBOL перевод 4276****0355 Ю. АНДРЕЙ ИВАНОВИЧ;;;5000;
Основная;*8441;30.11.2019;30.11.2019;268567;;Moscow;RUS;SBERBANK ONL@IN PLATEZH ;;;-1010;
Основная;*8441;29.11.2019;30.11.2019;294170;5411;VORONEZH;RUS;MIRATORG MAGAZIN 178 ;;;-933,74;
Основная;*8441;28.11.2019;29.11.2019;271683;5411;VORONEZH;RUS;PEREKRESTOK ENERGIYA ;;;-1160,76;
Основная;*8441;26.11.2019;27.11.2019;285443;5411;VORONEZH;RUS;MAGNIT MM SEDUM ;;;-147,7;
Основная;*8441;26.11.2019;27.11.2019;236362;5912;VORONEZH;RUS;VITA ;;;-2148;
Основная;*8441;25.11.2019;26.11.2019;230049;5411;VORONEZH;RUS;MIRATORG MAGAZIN 178 ;;;-989,5;
Основная;*8441;25.11.2019;26.11.2019;255276;5541;VORONEZH;RUS;HANKOOK ;;;-1660;
Основная;*8441;24.11.2019;25.11.2019;210545;;MOSCOW;RUS;SBOL перевод 4276****0355 Ю. АНДРЕЙ ИВАНОВИЧ;;;5000;
Основная;*8441;24.11.2019;26.11.2019;258459;5732;Moskva       ;RUS;icases-ru ;;;-8190;
Основная;*8441;23.11.2019;25.11.2019;286339;5411;VORONEZH;RUS;MIRATORG MAGAZIN 178 ;;;-290,6;
Основная;*8441;23.11.2019;25.11.2019;239642;5812;MOSKVA       ;RUS;IL PATIO KAZANSKIY ;;;-2027;
Основная;*8441;22.11.2019;23.11.2019;299598;5411;VORONEZH;RUS;MIRATORG MAGAZIN 178 ;;;-224,7;
Основная;*8441;22.11.2019;23.11.2019;235594;4121;MOSKVA       ;RUS;HTTPS://TAXI.YANDEX.RU ;;;-228;
Основная;*8441;21.11.2019;22.11.2019;203759;5411;VORONEZH;RUS;MIRATORG MAGAZIN 178 ;;;-439,76;
Основная;*8441;20.11.2019;22.11.2019;293160;5812;VORONEZH     ;RUS;KAFE BARANKIN ;;;-760,54;
Основная;*8441;19.11.2019;20.11.2019;256000;5411;VORONEZH;RUS;VKUSVILL 2097 4 ;;;-441;
Основная;*8441;19.11.2019;19.11.2019;286010;;MOSCOW;RUS;SBOL перевод 4276****6619 Ю. ЛАРИСА НИКОЛАЕВНА;;;1380;
Основная;*8441;19.11.2019;20.11.2019;204488;5541;VORONEZH;RUS;HANKOOK ;;;-1380;
Основная;*8441;18.11.2019;18.11.2019;282162;;MOSCOW;RUS;SBOL перевод 4276****0355 Ю. АНДРЕЙ ИВАНОВИЧ;;;10000;
Основная;*8441;18.11.2019;19.11.2019;237003;5499;VORONEZH;RUS;IP KADOMSKAYA E. A. ;;;-70;
Основная;*8441;18.11.2019;19.11.2019;270261;5499;VORONEZH;RUS;IP EFREMOVA E,A. ;;;-1071,2;
Основная;*8441;18.11.2019;19.11.2019;259210;5411;VORONEZH;RUS;PYATEROCHKA 11213 ;;;-148,03;
Основная;*8441;17.11.2019;18.11.2019;255934;;Moscow;RUS;SBERBANK ONL@IN PLATEZH ;;;-1499;
Основная;*8441;17.11.2019;18.11.2019;216914;;MOSCOW;RUS;SBOL перевод 4276****6619 Ю. ЛАРИСА НИКОЛАЕВНА;;;500;
Основная;*8441;17.11.2019;18.11.2019;223288;;MOSCOW;RUS;SBOL перевод 4276****0355 Ю. АНДРЕЙ ИВАНОВИЧ;;;5000;
Основная;*8441;17.11.2019;18.11.2019;272205;4511;MOSCOW       ;RUS;WWW.S7.RU ;;;-3490;
Основная;*8441;17.11.2019;18.11.2019;278247;4111;MOSKVA       ;RUS;NSK_AEXP3 ;;;-500;
Основная;*8441;16.11.2019;18.11.2019;278719;5499;VORONEZH;RUS;MIR SUKHOFRUKTOV ;;;-426;
Основная;*8441;16.11.2019;16.11.2019;209170;;MOSCOW;RUS;SBOL перевод 4276****0355 Ю. АНДРЕЙ ИВАНОВИЧ;;;5000;
Основная;*8441;15.11.2019;16.11.2019;226843;5411;VORONEZH;RUS;PYATEROCHKA 11213 ;;;-162,03;
Основная;*8441;12.11.2019;13.11.2019;286083;5411;VORONEZH;RUS;MIRATORG MAGAZIN 178 ;;;-843,6;
Основная;*8441;12.11.2019;13.11.2019;228930;5411;VORONEZH;RUS;PYATEROCHKA 11213 ;;;-164,97;
Основная;*8441;10.11.2019;11.11.2019;271991;5499;VORONEZH;RUS;IP EFREMOVA E,A. ;;;-167,2;
Основная;*8441;10.11.2019;11.11.2019;239591;5499;VORONEZH;RUS;IP KADOMSKAYA E. A. ;;;-140;
Основная;*8441;10.11.2019;11.11.2019;252559;5499;VORONEZH;RUS;IP EFREMOVA E,A. ;;;-76;
Основная;*8441;10.11.2019;11.11.2019;244029;5499;VORONEZH;RUS;IP KADOMSKAYA E. A. ;;;-403;
Основная;*8441;10.11.2019;11.11.2019;200025;5451;VORONEZH;RUS;IP VENEDIKTOV E.S. ;;;-149;
Основная;*8441;08.11.2019;09.11.2019;296874;5411;VORONEZH;RUS;MIRATORG MAGAZIN 178 ;;;-211,7;
Основная;*8441;08.11.2019;09.11.2019;253461;5521;VORONEZH;RUS;IP SAVOSTINA V ;;;-6760,11;
Основная;*8441;08.11.2019;08.11.2019;290637;;MOSCOW;RUS;SBOL перевод 4276****0355 Ю. АНДРЕЙ ИВАНОВИЧ;;;7000;
Основная;*8441;08.11.2019;13.11.2019;268664;4121;MOSKVA       ;RUS;HTTPS://TAXI.YANDEX.RU ;;;-132;
Основная;*8441;08.11.2019;12.11.2019;223046;4121;MOSKVA       ;RUS;HTTPS://TAXI.YANDEX.RU ;;;-146;
Основная;*8441;07.11.2019;08.11.2019;273084;5411;VORONEZH;RUS;PYATEROCHKA 11213 ;;;-117,98;
Основная;*8441;07.11.2019;08.11.2019;229159;9222;ROSFINES.RU  ;RUS;ROSSHTRAFI ;;;-299;
Основная;*8441;06.11.2019;07.11.2019;246095;5411;VORONEZH;RUS;VKUSVILL 3056 1 ;;;-217;
Основная;*8441;06.11.2019;07.11.2019;267997;5411;VORONEZH;RUS;VKUSVILL 2097 1 ;;;-609;
Основная;*8441;06.11.2019;07.11.2019;279359;5814;Voronezh     ;RUS;Kulinariya KAMIN ;;;-361,06;
Основная;*8441;05.11.2019;05.11.2019;276939;4829;MOSCOW;RUS;SBOL перевод 6762****2178 П. АНДРЕЙ АНАТОЛЬЕВИЧ;;;-100;
Основная;*8441;04.11.2019;05.11.2019;233099;5411;NOVOMOSKOVSK;RUS;SPAR-32 ;;;-762,5;
Основная;*8441;04.11.2019;05.11.2019;209889;5945;NOVOMOSKOVSK;RUS;DETKI ;;;-349;
Основная;*8441;04.11.2019;05.11.2019;234296;5945;NOVOMOSKOVSK;RUS;DETKI ;;;-1096;
Основная;*8441;04.11.2019;05.11.2019;273666;5541;KHLEVNOE     ;RUS;RNAZK 115 LNP ;;;-490;
Основная;*8441;04.11.2019;05.11.2019;236305;5541;TULSKAYA OBLA;RUS;TNKAZS 29 ;;;-1852;
Основная;*8441;03.11.2019;04.11.2019;242230;5812;VORONEZH;RUS;KAFE SHTOLLE ;;;-2480;
Основная;*8441;02.11.2019;04.11.2019;217230;5411;VORONEZH;RUS;MIRATORG MAGAZIN 178 ;;;-1368,09;
Основная;*8441;02.11.2019;04.11.2019;206587;5451;VORONEZH;RUS;MOLOCHNYE PRODUKTY ;;;-127;
Основная;*8441;02.11.2019;04.11.2019;277840;5451;VORONEZH;RUS;IP VENEDIKTOV E.S. ;;;-413;
Основная;*8441;02.11.2019;04.11.2019;208351;5499;VORONEZH;RUS;IP EFREMOVA E,A. ;;;-72,2;
Основная;*8441;02.11.2019;02.11.2019;279628;;Moscow;RUS;SBERBANK ONL@IN PLATEZH ;;;-1010;
Основная;*8441;01.11.2019;02.11.2019;299301;5814;Voronezh     ;RUS;Kulinariya KAMIN ;;;-356,72;
Основная;*8441;31.10.2019;31.10.2019;256500;;MOSCOW;RUS;SBOL перевод 4276****0355 Ю. АНДРЕЙ ИВАНОВИЧ;;;10000;
Основная;*8441;29.10.2019;30.10.2019;269174;5411;VORONEZH;RUS;MAGNIT GM VORONEZH 2 ;;;-556,8;
Основная;*8441;29.10.2019;30.10.2019;234721;5912;VORONEZH;RUS;VITA ;;;-2250;
Основная;*8441;29.10.2019;30.10.2019;240414;5722;VORONEZH;RUS;SITILINK ;;;-11290;
Основная;*8441;29.10.2019;29.10.2019;278019;;MOSCOW;RUS;SBOL перевод 4276****0355 Ю. АНДРЕЙ ИВАНОВИЧ;;;10000;
Основная;*8441;29.10.2019;29.10.2019;222870;;Moscow;RUS;SBERBANK ONL@IN PLATEZH ;;;-6560,96;
Основная;*8441;28.10.2019;29.10.2019;221781;5992;VORONEZH;RUS;KIOSK CVETY ;;;-1100;
Основная;*8441;28.10.2019;29.10.2019;269403;5411;STRELICZA;RUS;PYATEROCHKA 14367 ;;;-68,99;
Основная;*8441;27.10.2019;28.10.2019;202543;5411;VORONEZH;RUS;MIRATORG MAGAZIN 178 ;;;-758,9;
Основная;*8441;27.10.2019;28.10.2019;256157;;MOSCOW;RUS;SBOL перевод 4276****0355 Ю. АНДРЕЙ ИВАНОВИЧ;;;15000;
Основная;*8441;27.10.2019;28.10.2019;256908;5541;UMRISHENKA   ;RUS;LUKOIL.AZS 50421 50C ;;;-75;
Основная;*8441;27.10.2019;28.10.2019;224185;5541;UMRISHENKA   ;RUS;LUKOIL.AZS 50421 50C ;;;-3113,22;
Основная;*8441;27.10.2019;28.10.2019;261598;5814;MOSCOW       ;RUS;IKEA DOM 3 STAFF ;;;-530;
Основная;*8441;26.10.2019;26.10.2019;243755;;MOSCOW;RUS;SBOL перевод 4276****0355 Ю. АНДРЕЙ ИВАНОВИЧ;;;5000;
Основная;*8441;26.10.2019;26.10.2019;245604;;Moscow;RUS;SBERBANK ONL@IN PLATEZH ;;;-350;
Основная;*8441;26.10.2019;28.10.2019;234777;5812;MOSKVA G     ;RUS;DZHAGANNAT ;;;-325;
Основная;*8441;25.10.2019;26.10.2019;275372;5812;MOSCOW;RUS;OSTERIYA MARIO ;;;-3425;
Основная;*8441;25.10.2019;26.10.2019;291345;;MOSCOW;RUS;SBOL перевод 4276****0355 Ю. АНДРЕЙ ИВАНОВИЧ;;;5000;
Основная;*8441;24.10.2019;25.10.2019;251708;5812;MOSCOW;RUS;IL PATIO SOFIYA ;;;-1748;
Основная;*8441;24.10.2019;25.10.2019;249033;4121;MOSKVA       ;RUS;HTTPS://TAXI.YANDEX.RU ;;;-453;
Основная;*8441;24.10.2019;25.10.2019;280152;4111;HIMKI        ;RUS;AEROEXPRESS BPA 195 ;;;-500;
Основная;*8441;24.10.2019;25.10.2019;242819;8099;MOSCOW       ;RUS;ECO CENTRE LTD. ;;;-1150;
Основная;*8441;23.10.2019;24.10.2019;248872;5411;VORONEZH;RUS;MIRATORG MAGAZIN 178 ;;;-176,8;
Основная;*8441;23.10.2019;25.10.2019;260657;5812;VORONEZH     ;RUS;KAFE BARANKIN ;;;-305,24;
Основная;*8441;22.10.2019;23.10.2019;281680;5411;VORONEZH;RUS;VKUSVILL 2097 2 ;;;-319;
Основная;*8441;22.10.2019;23.10.2019;249252;5814;Voronezh     ;RUS;Kulinariya KAMIN ;;;-433,64;
Основная;*8441;21.10.2019;23.10.2019;203363;5411;VORONEZH;RUS;MIRATORG MAGAZIN 178 ;;;-249,9;
Основная;*8441;21.10.2019;22.10.2019;232748;5451;VORONEZH;RUS;IP VENEDIKTOV E.S. ;;;-372;
Основная;*8441;21.10.2019;23.10.2019;223299;5541;VORONEGH     ;RUS;LUKOIL.AZS 36726 36Y ;;;-2000,1;
Основная;*8441;19.10.2019;21.10.2019;297680;4829;MOSCOW;RUS;SBOL перевод 4276****0355 Ю. АНДРЕЙ ИВАНОВИЧ;;;-45000;
Основная;*8441;19.10.2019;19.10.2019;247669;;MOSCOW;RUS;SBOL перевод 5469****1076 С. ВИКТОРИЯ ВИТАЛЬЕВНА;;;50000;
Основная;*8441;19.10.2019;21.10.2019;264696;5814;VORONEZH;RUS;MCDONALDS 24214 ;;;-134;
Основная;*8441;16.10.2019;18.10.2019;224575;5411;VORONEZH;RUS;OOO SHIR ;;;-195;
Основная;*8441;16.10.2019;18.10.2019;298966;5411;VORONEZH;RUS;IP KADOMSKAYA E. A. ;;;-84,65;
Основная;*8441;14.10.2019;17.10.2019;214934;5411;VORONEZH;RUS;MIRATORG MAGAZIN 178 ;;;-241,7;
Основная;*8441;13.10.2019;14.10.2019;249619;5411;VORONEZH;RUS;IP KOLUPAEVA O.V. ;;;-168;
Основная;*8441;13.10.2019;14.10.2019;254506;5812;VORONEZH;RUS;KAFE SHTOLLE ;;;-1180;
Основная;*8441;12.10.2019;14.10.2019;284229;5451;VORONEZH;RUS;IP VENEDIKTOV E.S. ;;;-449;
Основная;*8441;12.10.2019;14.10.2019;229074;8099;VORONEZH;RUS;OOO MED TSENTR NMT ;;;-850;
Основная;*8441;11.10.2019;14.10.2019;266655;8099;VORONEZH;RUS;OOO LDTS NMT ;;;-171;
Основная;*8441;10.10.2019;11.10.2019;206121;5912;VORONEZH;RUS;VITA ;;;-1338;
Основная;*8441;10.10.2019;11.10.2019;204607;5912;VORONEZH;RUS;OOO SEMEYNAYA APTEKA ;;;-593,1;
Основная;*8441;10.10.2019;11.10.2019;268266;5411;VORONEZH;RUS;MICHURINO MOLOKO ;;;-68;
Основная;*8441;09.10.2019;10.10.2019;281049;5411;VORONEZH;RUS;VKUSVILL 2097 1 ;;;-635;
Основная;*8441;08.10.2019;09.10.2019;263329;5411;VORONEZH;RUS;PYATEROCHKA 11213 ;;;-280,42;
Основная;*8441;08.10.2019;09.10.2019;237240;5411;VORONEZH;RUS;PYATEROCHKA 11213 ;;;-118,03;
Основная;*8441;08.10.2019;08.10.2019;212954;4829;MOSCOW;RUS;SBOL перевод 4173****8522 С. ИРИНА БОРИСОВНА;;;-239;
Основная;*8441;08.10.2019;08.10.2019;212954;;MOSCOW;RUS;КОМИССИЯ ЗА ПРОВЕДЕННУЮ ОПЕРАЦИЮ;;;-2,39;
Основная;*8441;07.10.2019;07.10.2019;281848;;MOSCOW;RUS;SBOL перевод 4276****0355 Ю. АНДРЕЙ ИВАНОВИЧ;;;10000;
Основная;*8441;07.10.2019;08.10.2019;217860;5732;VORONEZH     ;RUS;DNS_VORONEZH_PATRIOTOV ;;;-1199;
Основная;*8441;06.10.2019;07.10.2019;252736;5411;VORONEZH;RUS;MAGNIT MM SEDUM ;;;-439,33;
Основная;*8441;04.10.2019;05.10.2019;209123;5411;VORONEZH;RUS;MIRATORG MAGAZIN 178 ;;;-137,8;
Основная;*8441;04.10.2019;04.10.2019;242812;;MOSCOW;RUS;SBOL перевод 4276****0355 Ю. АНДРЕЙ ИВАНОВИЧ;;;5000;
Основная;*8441;04.10.2019;05.10.2019;266632;8099;VORONEZH;RUS;TSIIR MEDLAYN ;;;-1445;
Основная;*8441;04.10.2019;07.10.2019;265302;5411;VORONEZH;RUS;PYATEROCHKA 11213 ;;;-43,99;
Основная;*8441;04.10.2019;05.10.2019;225326;7941;VORONEZH     ;RUS;"VRSOO SSK "BM-P"" ;;;-3200;
Основная;*8441;02.10.2019;03.10.2019;251773;5411;VORONEZH;RUS;VKUSVILL 2097 1 ;;;-279;
Основная;*8441;02.10.2019;03.10.2019;263094;5411;VORONEZH;RUS;PYATEROCHKA 11213 ;;;-119,88;
Основная;*8441;29.09.2019;01.10.2019;266818;5541;VORONEJ      ;RUS;POS SELEKT 3 ;;;-1389;
Основная;*8441;28.09.2019;30.09.2019;216441;5999;VORONEZH;RUS;KROKUS ;;;-7352,4;
Основная;*8441;28.09.2019;28.09.2019;241463;;MOSCOW;RUS;SBOL перевод 4276****0355 Ю. АНДРЕЙ ИВАНОВИЧ;;;10000;
Основная;*8441;28.09.2019;30.09.2019;230915;5200;OTRADNOE;RUS;LEROY MERLIN OTRADNOE ;;;-3052,45;
Основная;*8441;27.09.2019;28.09.2019;218585;5411;VORONEZH;RUS;VKUSVILL 2097 4 ;;;-366;
Основная;*8441;26.09.2019;27.09.2019;264881;5411;VORONEZH;RUS;VKUSVILL 2097 1 ;;;-183;
Основная;*8441;25.09.2019;26.09.2019;215942;5411;VORONEZH;RUS;PEREKRESTOK ENERGIYA ;;;-317,6;
Основная;*8441;25.09.2019;26.09.2019;239058;5411;VORONEZH;RUS;VKUSVILL 2097 3 ;;;-563;
Основная;*8441;24.09.2019;25.09.2019;297626;5411;VORONEZH;RUS;GRYADKA KOLTSOVSKAYA ;;;-243,57;
Основная;*8441;24.09.2019;24.09.2019;219446;;MOSCOW;RUS;SBOL перевод 4276****6619 Ю. ЛАРИСА НИКОЛАЕВНА;;;300;
Основная;*8441;24.09.2019;25.09.2019;274570;5411;VORONEZH     ;RUS;KAMCHATKA ;;;-1240;
Основная;*8441;22.09.2019;23.09.2019;201828;5411;VORONEZH;RUS;MAGNIT GM VORONEZH 1 ;;;-2317,5;
Основная;*8441;22.09.2019;23.09.2019;239743;;MOSCOW;RUS;SBOL перевод 4276****0355 Ю. АНДРЕЙ ИВАНОВИЧ;;;10000;
Основная;*8441;22.09.2019;23.09.2019;292952;;MOSCOW;RUS;SBOL перевод 4276****6619 Ю. ЛАРИСА НИКОЛАЕВНА;;;2000;
Основная;*8441;22.09.2019;23.09.2019;258073;5712;SOLNECHNYI   ;RUS;HOFF VORONEZH ;;;-11042;
Основная;*8441;20.09.2019;23.09.2019;247056;5814;DOMODEDOVO;RUS;KOFEJNYA COFFESHOP ;;;-430;
Основная;*8441;08.09.2019;10.09.2019;273746;5814;AEROPORT;RUS;MON BATON ;;;-200;
Основная;*8441;07.09.2019;07.09.2019;222053;;MOSCOW;RUS;SBOL перевод 4276****0355 Ю. АНДРЕЙ ИВАНОВИЧ;;;10000;
Основная;*8441;07.09.2019;09.09.2019;238483;5411;VORONEZH;RUS;VKUSVILL 2097 1 ;;;-350;
Основная;*8441;07.09.2019;09.09.2019;268503;5912;VORONEZH;RUS;VITA ;;;-890,4;
Основная;*8441;06.09.2019;07.09.2019;212495;5411;VORONEZH;RUS;PYATEROCHKA 11213 ;;;-114,97;
Основная;*8441;06.09.2019;07.09.2019;201990;5814;Voronezh     ;RUS;Kulinariya KAMIN ;;;-322,98;
Основная;*8441;05.09.2019;06.09.2019;254326;5999;VORONEZH;RUS;MAGAZIN AKVAFOR ;;;-1542;
Основная;*8441;05.09.2019;07.09.2019;259281;5411;VORONEZH;RUS;PYATEROCHKA 11213 ;;;-152,87;
Основная;*8441;04.09.2019;06.09.2019;210723;5411;VORONEZH;RUS;PYATEROCHKA 11213 ;;;-108,94;
Основная;*8441;03.09.2019;06.09.2019;254207;5200;VORONEZH;RUS;MAGAZIN PORYADOK-19 ;;;-139;
Основная;*8441;01.09.2019;02.09.2019;267235;5451;VORONEZH;RUS;MOLOCHNYJ DOM ;;;-272;
Основная;*8441;01.09.2019;03.09.2019;274397;5812;VORONEZH;RUS;KAFE SHTOLLE ;;;-1280;
Основная;*8441;16.08.2019;17.08.2019;236563;5921;VORONEZH;RUS;KRASNOE BELOE ;;;-149,34;
Основная;*8441;16.08.2019;17.08.2019;231032;5999;VORONEZH;RUS;PROSTO STRIZHKA ;;;-250;
Основная;*8441;16.08.2019;17.08.2019;281010;5411;VORONEZH;RUS;VKUSVILL 2097 1 ;;;-334,95;
Основная;*8441;16.08.2019;17.08.2019;206688;5411;VORONEZH;RUS;PYATEROCHKA 11213 ;;;-122,77;
Основная;*8441;15.08.2019;16.08.2019;234271;5541;VORONEZH     ;RUS;RNAZK 54 VNP ;;;-1613,5;
Основная;*8441;15.08.2019;16.08.2019;221647;8099;VORONEZH     ;RUS;MC CLINICS VORONEZH ;;;-2145;
Основная;*8441;15.08.2019;17.08.2019;290525;5812;VORONEZH     ;RUS;KAFE BARANKIN ;;;-839,75;
Основная;*8441;14.08.2019;15.08.2019;236529;5999;VORONEZH;RUS;IP PUPIN YU.M. ;;;-540;
Основная;*8441;14.08.2019;15.08.2019;005813;5999;VORONEZH;RUS;IP PUPIN YU.M. ;;;540;
Основная;*8441;14.08.2019;15.08.2019;216202;5411;VORONEZH;RUS;VKUSVILL 2097 1 ;;;-247;
Основная;*8441;14.08.2019;15.08.2019;237865;8099;VORONEZH;RUS;OOO LDTS NMT ;;;-1208;
Основная;*8441;14.08.2019;14.08.2019;216873;;MOSCOW;RUS;SBOL перевод 4276****0355 Ю. АНДРЕЙ ИВАНОВИЧ;;;10000;
Основная;*8441;14.08.2019;15.08.2019;229675;5814;Voronezh     ;RUS;Kulinariya KAMIN ;;;-373,34;
Основная;*8441;13.08.2019;14.08.2019;259747;5999;VORONEZH;RUS;IP PUPIN YU.M. ;;;-540;
Основная;*8441;13.08.2019;14.08.2019;208170;5499;VORONEZH;RUS;MAGAZIN MOLVEST ;;;-118;
Основная;*8441;13.08.2019;14.08.2019;249941;5499;VORONEZH;RUS;SUKHOFRUKTY ;;;-350;
Основная;*8441;13.08.2019;14.08.2019;283034;5814;Voronezh     ;RUS;Kulinariya KAMIN ;;;-441;
Основная;*8441;11.08.2019;12.08.2019;206565;5411;VORONEZH;RUS;MIRATORG MAGAZIN 178 ;;;-502,7;
Основная;*8441;10.08.2019;12.08.2019;274203;5411;VORONEZH;RUS;MIRATORG MAGAZIN 178 ;;;-419,7;
Основная;*8441;09.08.2019;10.08.2019;216226;5411;VORONEZH;RUS;MIRATORG MAGAZIN 178 ;;;-649,9;
Основная;*8441;09.08.2019;10.08.2019;276411;5411;VORONEZH;RUS;VKUSVILL 2097 1 ;;;-891;
Основная;*8441;09.08.2019;10.08.2019;245870;5411;VORONEZH;RUS;PYATEROCHKA 11213 ;;;-64,89;
Основная;*8441;08.08.2019;09.08.2019;248993;5411;VORONEZH;RUS;PYATEROCHKA 11213 ;;;-90,78;
Основная;*8441;07.08.2019;08.08.2019;212869;5411;VORONEZH;RUS;MIRATORG MAGAZIN 178 ;;;-146,8;
Основная;*8441;07.08.2019;08.08.2019;222220;5814;Voronezh     ;RUS;Kulinariya KAMIN ;;;-300,1;
Основная;*8441;06.08.2019;07.08.2019;262217;5411;VORONEZH;RUS;PYATEROCHKA 11213 ;;;-152,99;
Основная;*8441;06.08.2019;07.08.2019;285706;8099;VORONEZH;RUS;OOO LDTS NMT ;;;-4377;
Основная;*8441;06.08.2019;07.08.2019;252347;8099;VORONEZH;RUS;OOO LDTS NMT ;;;-504;
Основная;*8441;06.08.2019;06.08.2019;235057;;MOSCOW;RUS;SBOL перевод 4276****0355 Ю. АНДРЕЙ ИВАНОВИЧ;;;10000;
Основная;*8441;05.08.2019;06.08.2019;240685;5411;VORONEZH;RUS;VKUSVILL 2097 1 ;;;-571;
Основная;*8441;05.08.2019;06.08.2019;241055;5411;VORONEZH;RUS;PYATEROCHKA 11213 ;;;-203,83;
Основная;*8441;04.08.2019;05.08.2019;223999;5411;VORONEZH;RUS;MIRATORG MAGAZIN 178 ;;;-504,1;
Основная;*8441;04.08.2019;05.08.2019;296424;5722;VORONEZH;RUS;SITILINK ;;;-1400;
Основная;*8441;04.08.2019;05.08.2019;286811;5722;VORONEZH;RUS;SITILINK ;;;1800;
Основная;*8441;04.08.2019;05.08.2019;211586;5511;VORONEZH G   ;RUS;BI-BI ;;;-97;
Основная;*8441;03.08.2019;05.08.2019;210318;5722;VORONEZH;RUS;SITILINK ;;;-390;
Основная;*8441;03.08.2019;05.08.2019;292167;5722;VORONEZH;RUS;SITILINK ;;;-2690;
Основная;*8441;03.08.2019;03.08.2019;261392;;MOSCOW;RUS;SBOL перевод 4276****0355 Ю. АНДРЕЙ ИВАНОВИЧ;;;5000;
Основная;*8441;02.08.2019;03.08.2019;222369;5814;Voronezh     ;RUS;Kulinariya KAMIN ;;;-353,64;
Основная;*8441;01.08.2019;02.08.2019;271798;5411;VORONEZH;RUS;MIRATORG MAGAZIN 178 ;;;-405,4;
Основная;*8441;01.08.2019;02.08.2019;231405;5814;Voronezh     ;RUS;Kulinariya KAMIN ;;;-423,86;
Основная;*8441;31.07.2019;01.08.2019;264943;5411;VORONEZH;RUS;VKUSVILL 2097 4 ;;;-285;
Основная;*8441;31.07.2019;02.08.2019;292412;5812;VORONEZH     ;RUS;KAFE BARANKIN ;;;-746,25;
Основная;*8441;30.07.2019;31.07.2019;246350;5411;VORONEZH;RUS;VKUSVILL 2097 1 ;;;-386;
Основная;*8441;30.07.2019;31.07.2019;286084;5411;VORONEZH;RUS;PYATEROCHKA 11213 ;;;-166,93;
Основная;*8441;29.07.2019;30.07.2019;272567;5912;VORONEZH;RUS;APTEKA ZDRAVGOROD ;;;-309,6;
Основная;*8441;28.07.2019;29.07.2019;220017;5499;VORONEZH;RUS;IP TIBEKINA N. S. ;;;-182;
Основная;*8441;28.07.2019;29.07.2019;210689;5411;VORONEZH;RUS;IP KOLUPAEVA O.V. ;;;-232;
Основная;*8441;28.07.2019;29.07.2019;289296;5411;VORONEZH;RUS;MAGNIT GM VORONEZH 1 ;;;-1007,2;
Основная;*8441;27.07.2019;27.07.2019;201912;;MOSCOW;RUS;SBOL перевод 4276****0355 Ю. АНДРЕЙ ИВАНОВИЧ;;;5000;
Основная;*8441;27.07.2019;29.07.2019;241639;5541;SOLNECHNII   ;RUS;LUKOIL.AZS 36719 36Y ;;;-1920,4;
Основная;*8441;25.07.2019;26.07.2019;253458;5814;Voronezh     ;RUS;Kulinariya KAMIN ;;;-353,78;
Основная;*8441;25.07.2019;26.07.2019;200371;5511;VORONEZH G   ;RUS;BI-BI ;;;-239;
Основная;*8441;24.07.2019;25.07.2019;253749;5411;VORONEZH;RUS;PYATYU PYAT ;;;-516;
Основная;*8441;24.07.2019;25.07.2019;266792;5411;VORONEZH;RUS;MIRATORG MAGAZIN 178 ;;;-277,6;
Основная;*8441;24.07.2019;25.07.2019;229353;5411;VORONEZH;RUS;PYATEROCHKA 11213 ;;;-161,67;
Основная;*8441;23.07.2019;24.07.2019;264888;5411;VORONEZH;RUS;PYATEROCHKA 11213 ;;;-113,68;
Основная;*8441;23.07.2019;24.07.2019;213108;5814;Voronezh     ;RUS;Kulinariya KAMIN ;;;-437,25;
Основная;*8441;22.07.2019;23.07.2019;267299;5411;VORONEZH;RUS;PYATEROCHKA 11213 ;;;-148,84;
Основная;*8441;22.07.2019;23.07.2019;284846;5814;Voronezh     ;RUS;Kulinariya KAMIN ;;;-362,02;
Основная;*8441;21.07.2019;22.07.2019;255395;5411;VORONEZH;RUS;IP KOLUPAEVA O.V. ;;;-280;
Основная;*8441;19.07.2019;20.07.2019;246499;5814;Voronezh     ;RUS;Kulinariya KAMIN ;;;-415,82;
Основная;*8441;18.07.2019;19.07.2019;286710;5411;VORONEZH;RUS;MIRATORG MAGAZIN 178 ;;;-560,13;
Основная;*8441;18.07.2019;19.07.2019;281522;5411;VORONEZH;RUS;PYATEROCHKA 11213 ;;;-65,69;
Основная;*8441;17.07.2019;18.07.2019;279381;5411;VORONEZH;RUS;PYATEROCHKA 11213 ;;;-95,68;
Основная;*8441;16.07.2019;17.07.2019;296396;5912;VORONEZH;RUS;APTEKA ZDRAVGOROD ;;;-330,21;
Основная;*8441;16.07.2019;17.07.2019;201707;5411;VORONEZH;RUS;PYATEROCHKA 11213 ;;;-165,37;
Основная;*8441;15.07.2019;16.07.2019;243735;5912;VORONEZH;RUS;OOO SA KLASSIK ;;;-389,16;
Основная;*8441;15.07.2019;16.07.2019;210507;5411;VORONEZH;RUS;PYATEROCHKA 11213 ;;;-80,97;
Основная;*8441;14.07.2019;15.07.2019;216470;5411;VORONEZH;RUS;INDEYKIN ;;;-522;
Основная;*8441;14.07.2019;15.07.2019;274811;5499;VORONEZH;RUS;IP TIBEKINA N. S. ;;;-534;
Основная;*8441;14.07.2019;15.07.2019;284329;5411;VORONEZH;RUS;IP KOLUPAEVA O.V. ;;;-292;
Основная;*8441;14.07.2019;15.07.2019;229805;5912;VORONEZH;RUS;OOO OKAFARM ;;;-796;
Основная;*8441;01.07.2019;01.07.2019;248002;;MOSCOW;RUS;SBOL перевод 6762****1151 С. ВИКТОРИЯ ВИТАЛЬЕВНА;;;4700;
Основная;*8441;01.07.2019;02.07.2019;246782;5814;DOMODEDOVO   ;RUS;COFFEEMANIA D MVL ;;;-780;
Основная;*8441;30.06.2019;01.07.2019;280564;5411;VORONEZH;RUS;MAGNIT MM VELLINGTON ;;;-506,65;
Основная;*8441;30.06.2019;01.07.2019;244813;5200;SOLNECHNYJ;RUS;LEROY MERLIN VORONEZH ;;;-250;
Основная;*8441;30.06.2019;01.07.2019;261796;5722;VORONEZH;RUS;SITILINK ;;;-5004;
Основная;*8441;30.06.2019;01.07.2019;238595;;MOSCOW;RUS;SBOL перевод 4276****0355 Ю. АНДРЕЙ ИВАНОВИЧ;;;10000;
Основная;*8441;28.06.2019;29.06.2019;276950;5411;VORONEZH;RUS;VKUSVILL 2097 2 ;;;-233;
Основная;*8441;27.06.2019;28.06.2019;293837;5814;Voronezh     ;RUS;Kulinariya KAMIN ;;;-384,83;
Основная;*8441;26.06.2019;27.06.2019;276655;5411;VORONEZH;RUS;PYATEROCHKA 11213 ;;;-259,36;
Основная;*8441;26.06.2019;27.06.2019;251012;8099;VORONEZH     ;RUS;MC CLINICS VORONEZH ;;;-1100;
Основная;*8441;25.06.2019;26.06.2019;284849;5499;VORONEZH;RUS;MAGAZIN MOLVEST ;;;-60;
Основная;*8441;25.06.2019;26.06.2019;225031;5411;VORONEZH;RUS;PYATEROCHKA 11213 ;;;-129,68;
Основная;*8441;24.06.2019;25.06.2019;242263;5411;VORONEZH;RUS;VKUSVILL 2097 2 ;;;-208;
Основная;*8441;23.06.2019;24.06.2019;284216;5411;VORONEZH;RUS;PAPINA LAVKA ;;;-2264,11;
Основная;*8441;23.06.2019;24.06.2019;202579;5499;VORONEZH;RUS;IP TIBEKINA N. S. ;;;-724;
Основная;*8441;23.06.2019;24.06.2019;285718;5411;VORONEZH;RUS;IP KOLUPAEVA O.V. ;;;-111;
Основная;*8441;21.06.2019;21.06.2019;286058;;MOSCOW;RUS;SBOL перевод 4276****0355 Ю. АНДРЕЙ ИВАНОВИЧ;;;5000;
Основная;*8441;21.06.2019;22.06.2019;236521;5411;VORONEZH;RUS;PYATEROCHKA 11213 ;;;-233,72;
Основная;*8441;20.06.2019;22.06.2019;244420;5411;VORONEZH;RUS;PYATEROCHKA 11213 ;;;-129,68;
Основная;*8441;20.06.2019;21.06.2019;262149;5411;VORONEZH;RUS;VKUSVILL 2097 2 ;;;-329;
Основная;*8441;19.06.2019;20.06.2019;283111;5411;VORONEZH;RUS;MIRATORG MAGAZIN 178 ;;;-190,7;
Основная;*8441;18.06.2019;20.06.2019;234424;5411;VORONEZH;RUS;MIRATORG MAGAZIN 178 ;;;-201,7;
Основная;*8441;18.06.2019;19.06.2019;200369;5411;VORONEZH;RUS;IP KOLUPAEVA O.V. ;;;-129;
Основная;*8441;18.06.2019;19.06.2019;248592;5499;VORONEZH;RUS;IP TIBEKINA N. S. ;;;-170;
Основная;*8441;18.06.2019;20.06.2019;200363;5411;VORONEZH;RUS;PYATEROCHKA 11213 ;;;-106,68;
Основная;*8441;17.06.2019;18.06.2019;260843;5411;VORONEZH;RUS;PYATEROCHKA 11213 ;;;-157,67;
Основная;*8441;15.06.2019;17.06.2019;291854;5411;VORONEZH;RUS;MAGNIT GM VORONEZH 1 ;;;-651,9;
Основная;*8441;15.06.2019;17.06.2019;238346;5812;VORONEZH;RUS;KAFE SHTOLLE ;;;-560;
Основная;*8441;14.06.2019;15.06.2019;231684;5814;VORONEZH;RUS;IP BAZILEVSKIY K.I. ;;;-80;
Основная;*8441;14.06.2019;15.06.2019;241283;5411;VORONEZH;RUS;VKUSVILL 2097 1 ;;;-532;
Основная;*8441;14.06.2019;15.06.2019;275570;5411;VORONEZH;RUS;PYATEROCHKA 11213 ;;;-159,98;
Основная;*8441;13.06.2019;14.06.2019;214104;5411;VORONEZH;RUS;PYATEROCHKA 11213 ;;;-260,14;
Основная;*8441;13.06.2019;13.06.2019;205730;;MOSCOW;RUS;SBOL перевод 4276****0355 Ю. АНДРЕЙ ИВАНОВИЧ;;;5000;
Основная;*8441;11.06.2019;12.06.2019;257413;5541;VORONEZH;RUS;OOO AZK VTK ;;;-305;
Основная;*8441;11.06.2019;12.06.2019;283445;5541;VORONEZH;RUS;OOO AZK VTK ;;;-238;
Основная;*8441;11.06.2019;12.06.2019;230789;5921;VORONEZH;RUS;KRASNOE BELOE ;;;-194,33;
Основная;*8441;11.06.2019;12.06.2019;204520;5411;VORONEZH;RUS;MIRATORG MAGAZIN 178 ;;;-145,8;
Основная;*8441;11.06.2019;12.06.2019;230818;5411;VORONEZH;RUS;IP KOLUPAEVA O.V. ;;;-139;
Основная;*8441;11.06.2019;12.06.2019;212222;5499;VORONEZH;RUS;IP TIBEKINA N. S. ;;;-118;
Основная;*8441;11.06.2019;12.06.2019;223622;5411;VORONEZH;RUS;PYATEROCHKA 11213 ;;;-135,97;
Основная;*8441;10.06.2019;11.06.2019;251121;5411;VORONEZH;RUS;PYATEROCHKA 11213 ;;;-208,33;
Основная;*8441;10.06.2019;11.06.2019;223259;5814;Voronezh     ;RUS;Kulinariya KAMIN ;;;-265,92;
Основная;*8441;09.06.2019;10.06.2019;228857;5812;MOSKVA       ;RUS;KAFE POLYANKA ;;;-180;
Основная;*8441;09.06.2019;10.06.2019;252516;5812;MOSKVA       ;RUS;KAFE POLYANKA ;;;-1593;
Основная;*8441;08.06.2019;10.06.2019;265565;5812;MOSKVA G     ;RUS;DzhonDzholi ;;;-2740;
Основная;*8441;07.06.2019;07.06.2019;289783;;MOSCOW;RUS;SBOL перевод 4276****0355 Ю. АНДРЕЙ ИВАНОВИЧ;;;5000;
Основная;*8441;07.06.2019;10.06.2019;267529;5812;VORONEZH     ;RUS;KAFE BARANKIN ;;;-695,2;
Основная;*8441;07.06.2019;08.06.2019;259835;5814;Voronezh     ;RUS;Kulinariya KAMIN ;;;-252,05;
Основная;*8441;06.06.2019;07.06.2019;209112;5411;VORONEZH;RUS;MIRATORG MAGAZIN 178 ;;;-222,7;
Основная;*8441;06.06.2019;07.06.2019;214791;5814;Voronezh     ;RUS;Kulinariya KAMIN ;;;-416,35;
Основная;*8441;05.06.2019;06.06.2019;215099;5411;VORONEZH;RUS;VKUSVILL 2097 1 ;;;-107;
Основная;*8441;04.06.2019;05.06.2019;254142;5411;VORONEZH;RUS;MIRATORG MAGAZIN 178 ;;;-238,71;
Основная;*8441;04.06.2019;05.06.2019;278830;5411;VORONEZH;RUS;PYATEROCHKA 11213 ;;;-107,98;
Основная;*8441;02.06.2019;03.06.2019;291185;5411;VORONEZH;RUS;PEREKRESTOK ENERGIYA ;;;-163,6;
Основная;*8441;01.06.2019;03.06.2019;237769;5200;SOLNECHNYJ;RUS;LEROY MERLIN VORONEZH ;;;-813;
Основная;*8441;01.06.2019;03.06.2019;296780;5814;VORONEZH     ;RUS;SUSHI-MESTO ;;;-393;
Основная;*8441;31.05.2019;01.06.2019;269405;5812;VORONEZH;RUS;KAFE SHTOLLE ;;;-280;
Основная;*8441;31.05.2019;01.06.2019;258326;5411;VORONEZH;RUS;PYATEROCHKA 11213 ;;;-183,66;
Основная;*8441;31.05.2019;03.06.2019;295889;5812;VORONEZH     ;RUS;KAFE BARANKIN ;;;-608,95;
Основная;*8441;30.05.2019;30.05.2019;290402;;MOSCOW;RUS;SBOL перевод 4276****0355 Ю. АНДРЕЙ ИВАНОВИЧ;;;4000;
Основная;*8441;30.05.2019;31.05.2019;223419;5411;VORONEZH;RUS;PYATEROCHKA 11213 ;;;-156,67;
Основная;*8441;28.05.2019;29.05.2019;238551;5499;VORONEZH;RUS;IP TIBEKINA N. S. ;;;-168;
Основная;*8441;28.05.2019;29.05.2019;215378;5411;VORONEZH;RUS;PYATEROCHKA 11213 ;;;-183,66;
Основная;*8441;27.05.2019;28.05.2019;258608;5411;VORONEZH;RUS;UNIVERSAM N13 ;;;-207;
Основная;*8441;27.05.2019;28.05.2019;275545;8999;VORONEZH;RUS;FOTO-M ;;;-200;
Основная;*8441;27.05.2019;28.05.2019;244664;5814;Voronezh     ;RUS;Kulinariya KAMIN ;;;-646,32;
Основная;*8441;26.05.2019;27.05.2019;250129;5411;VORONEZH;RUS;INDEYKIN ;;;-593;
Основная;*8441;26.05.2019;27.05.2019;265082;5411;VORONEZH;RUS;IP KOLUPAEVA O.V. ;;;-135;
Основная;*8441;26.05.2019;27.05.2019;285129;5499;VORONEZH;RUS;IP TIBEKINA N. S. ;;;-326;
Основная;*8441;26.05.2019;27.05.2019;235921;;MOSCOW;RUS;SBOL перевод 4276****0355 Ю. АНДРЕЙ ИВАНОВИЧ;;;5000;
Основная;*8441;25.05.2019;27.05.2019;272672;5814;SOLNECHNYY;RUS;OOO SAMURAY ;;;-55;
Основная;*8441;25.05.2019;27.05.2019;264197;5814;SOLNECHNYY;RUS;OOO SAMURAY ;;;-110;
Основная;*8441;25.05.2019;27.05.2019;201193;7832;SOLNECHNYJ;RUS;OOO ALTAIR KINOTEATR ;;;-1000;
Основная;*8441;25.05.2019;27.05.2019;207019;5411;VORONEZH;RUS;MAGNIT MM ARGEST ;;;-187,8;
Основная;*8441;25.05.2019;27.05.2019;231233;5499;VORONEZH;RUS;IP SURAVIKINA S.V. ;;;-125;
Основная;*8441;25.05.2019;27.05.2019;272474;5499;VORONEZH;RUS;IP BURKOVA O. A. ;;;-350;
Основная;*8441;25.05.2019;27.05.2019;271132;5499;VORONEZH;RUS;IP TIBEKINA N. S, ;;;-70;
Основная;*8441;25.05.2019;27.05.2019;289825;5499;VORONEZH;RUS;IP TIBEKINA N. S, ;;;-106;
Основная;*8441;24.05.2019;25.05.2019;291008;5411;VORONEZH;RUS;PYATEROCHKA 11213 ;;;-252,49;
Основная;*8441;23.05.2019;24.05.2019;296064;5948;VORONEZH;RUS;DR.KOFFER ;;;-5300;
Основная;*8441;23.05.2019;23.05.2019;247765;;MOSCOW;RUS;SBOL перевод 4276****0355 Ю. АНДРЕЙ ИВАНОВИЧ;;;5000;
Основная;*8441;23.05.2019;24.05.2019;235368;5814;VORONEZH     ;RUS;PICCOLO ;;;-140;
Основная;*8441;22.05.2019;23.05.2019;287672;5411;VORONEZH;RUS;PYATEROCHKA 11213 ;;;-268,46;
Основная;*8441;20.05.2019;21.05.2019;269167;5912;VORONEZH;RUS;OOO OKAFARM ;;;-32;
Основная;*8441;20.05.2019;21.05.2019;289585;5411;VORONEZH;RUS;PYATEROCHKA 11213 ;;;-163,46;
Основная;*8441;20.05.2019;21.05.2019;292127;7997;VORONEZH     ;RUS;FITNES-CLUB DELTA ;;;-400;
Основная;*8441;19.05.2019;20.05.2019;280980;7832;VORONEZH;RUS;MAKSIMIR-KINO ;;;-540;
Основная;*8441;19.05.2019;20.05.2019;250093;5814;VORONZ       ;RUS;BLINCHIK MAKSIMIR ;;;-183;
Основная;*8441;17.05.2019;18.05.2019;231437;5812;VORONEZH;RUS;KAFE SHTOLLE ;;;-112,5;
Основная;*8441;17.05.2019;18.05.2019;242039;5411;VORONEZH;RUS;PEREKRESTOK ENERGIYA ;;;-318,14;
Основная;*8441;17.05.2019;18.05.2019;247569;5411;VORONEZH;RUS;PYATEROCHKA 11213 ;;;-137,73;
Основная;*8441;16.05.2019;17.05.2019;245086;5912;VORONEZH;RUS;APTEKA ZDRAVGOROD ;;;-92,6;
Основная;*8441;16.05.2019;16.05.2019;273607;;MOSCOW;RUS;SBOL перевод 4276****0355 Ю. АНДРЕЙ ИВАНОВИЧ;;;5000;
Основная;*8441;15.05.2019;16.05.2019;284052;5411;VORONEZH;RUS;PYATEROCHKA 11213 ;;;-136,48;
Основная;*8441;13.05.2019;13.05.2019;202259;;MOSCOW;RUS;SBOL перевод 4276****0355 Ю. АНДРЕЙ ИВАНОВИЧ;;;1000;
Основная;*8441;13.05.2019;14.05.2019;239341;5814;Voronezh     ;RUS;Kulinariya KAMIN ;;;-354,69;
